,0
0,"Peter Piper picked a peck of pickled peppers. A peck of pickled peppers Peter Piper picked. If Peter Piper picked a peck of pickled peppers, Where's the peck of pickled peppers Peter Piper picked?"
1,"I saw Susie sitting in a shoe shine shop. Where she sits she shines, and where she shines she sits."
2,How many boards Could the Mongols hoard If the Mongol hordes got bored?
3,How can a clam cram in a clean cream can?
4,Send toast to ten tense stout saints' ten tall tents.
5,"Denise sees the fleece, Denise sees the fleas. At least Denise could sneeze and feed and freeze the fleas."
6,Coy knows pseudonoise codes.
7,"Sheena leads, Sheila needs."
8,The thirty-three thieves thought that they thrilled the throne throughout Thursday.
9,"Something in a thirty-acre thermal thicket of thorns and thistles thumped and thundered threatening the three-D thoughts of Matthew the thug - although, theatrically, it was only the thirteen-thousand thistles and thorns through the underneath of his thigh that the thirty year old thug thought of that morning."
10,Can you can a can as a canner can can a can?
11,Seth at Sainsbury's sells thick socks.
12,"You cuss, I cuss, we all cuss, for asparagus!"
13,Roberta ran rings around the Roman ruins.
14,Clean clams crammed in clean cans.
15,Six sick hicks nick six slick bricks with picks and sticks.
16,"I wish to wish the wish you wish to wish, but if you wish the wish the witch wishes, I won't wish the wish you wish to wish."
17,Stupid superstition!
18,"There was a fisherman named Fisher who fished for some fish in a fissure. Till a fish with a grin, pulled the fisherman in. Now they're fishing the fissure for Fisher."
19,World Wide Web
20,"To sit in solemn silence in a dull, dark dock,In a pestilential prison, with a life-long lock,Awaiting the sensation of a short, sharp shock,From a cheap and chippy chopper on a big black block!To sit in solemn silence in a dull, dark dock,In a pestilential prison, with a life-long lock,Awaiting the sensation of a short, sharp shock,From a cheap and chippy chopper on a big black block!A dull, dark dock, a life-long lock,A short, sharp shock, a big black block!To sit in solemn silence in a pestilential prison,And awaiting the sensationFrom a cheap and chippy chopper on a big black block!"
21,"Picky people pick Peter Pan Peanut-Butter, 'tis the peanut-butter picky people pick."
22,"If Stu chews shoes, should Stu choose the shoes he chews?"
23,Luke Luck likes lakes.Luke's duck likes lakes.Luke Luck licks lakes.Luck's duck licks lakes.Duck takes licks in lakes Luke Luck likes.Luke Luck takes licks in lakes duck likes.
24,Seventy seven benevolent elephants
25,There those thousand thinkers were thinking how did the other three thieves go through.
26,Santa's Short Suit Shrunk
27,I was born on a pirate ship
28,"I scream, you scream, we all scream for icecream!"
29,Wayne went to Wales to watch walruses.
30,"In 'ertford, 'ereford and 'ampshire, 'urricanes 'ardly Hever 'appen."
31,One-one was a race horse. Two-two was one too. One-one won one race. Two-two won one too.
32,Eleven benevolent elephants
33,"Celibate celebrant, celibate celebrant, celibate celebrant, ..."
34,Willy's real rear wheel
35,If Pickford's packers packed a packet of crisps would the packet of crisps that Pickford's packers packed survive for two and a half years?
36,Six sleek swans swam swiftly southwards
37,Gobbling gorgoyles gobbled gobbling goblins.
38,Did Dick Pickens prick his pinkie pickling cheap cling peaches in an inch of Pinch or framing his famed French finch photos?
39,Pirates Private Property
40,"What a terrible tongue twister, what a terrible tongue twister, what a terrible tongue twister..."
41,When you write copy you have the right to copyright the copy you write. ... continued here
42,A big black bug bit a big black dog on his big black nose!
43,Elizabeth's birthday is on the third Thursday of this month.
44,Ann and Andy's anniversary is in April.
45,Flash message!
46,"Frogfeet, flippers, swimfins."
47,"Hassock hassock, black spotted hassock. Black spot on a black back of a black spotted hassock."
48,How many cookies could a good cook cook If a good cook could cook cookies? A good cook could cook as much cookies as a good cook who could cook cookies.
49,"How much ground would a groundhog hog, if a groundhog could hog ground? A groundhog would hog all the ground he could hog, if a groundhog could hog ground."
50,"How much pot, could a pot roast roast, if a pot roast could roast pot."
51,"How much wood could Chuck Woods' woodchuck chuck, if Chuck Woods' woodchuck could and would chuck wood? If Chuck Woods' woodchuck could and would chuck wood, how much wood could and would Chuck Woods' woodchuck chuck? Chuck Woods' woodchuck would chuck, he would, as much as he could, and chuck as much wood as any woodchuck would, if a woodchuck could and would chuck wood."
52,Mary Mac's mother's making Mary Mac marry me. My mother's making me marry Mary Mac. Will I always be so Merry when Mary's taking care of me? Will I always be so merry when I marry Mary Mac?
53,"Mr. Tongue Twister tried to train his tongue to twist and turn, and twit an twat, to learn the letter T""."""
54,Pete's pa pete poked to the pea patch to pick a peck of peas for the poor pink pig in the pine hole pig-pen.
55,She saw Sherif's shoes on the sofa. But was she so sure she saw Sherif's shoes on the sofa?
56,"Through three cheese trees three free fleas flew. While these fleas flew, freezy breeze blew. Freezy breeze made these three trees freeze. Freezy trees made these trees' cheese freeze. That's what made these three free fleas sneeze."
57,Two tried and true tridents
58,rudder valve reversals
59,Birdie birdie in the sky laid a turdie in my eye. If cows could fly I'd have a cow pie in my eye.
60,How many cans can a cannibal nibble if a cannibal can nibble cans? As many cans as a cannibal can nibble if a cannibal can nibble cans.
61,"Thirty-three thirsty, thundering thoroughbreds thumped Mr. Thurber on Thursday."
62,Four furious friends fought for the phone.
63,Plymouth sleuths thwart Luther's slithering.
64,"Bobby Bippy bought a bat. Bobby Bippy bought a ball. With his bat Bob banged the ball Banged it bump against the wall But so boldly Bobby banged it That he burst his rubber ball Boo!"" cried Bobby Bad luck ball Bad luck Bobby"
65,"Black background, brown background."
66,"Why do you cry, Willy? Why do you cry? Why, Willy? Why, Willy? Why, Willy? Why?"
67,"Very well, very well, very well ..."
68,Tie twine to three tree twigs.
69,Rory the warrior and Roger the worrier were reared wrongly in a rural brewery.
70,"Mares eat oats and does eat oats, and little lambs eat ivy. A Kid will eat ivy too, wouldn't ewe?"
71,Three short sword sheaths.
72,Caution: Wide Right Turns
73,Rolling red wagons
74,Green glass globes glow greenly.
75,Robert Wayne Rutter
76,"I stood sadly on the silver steps of Burgess's fish sauce shop, mimicking him hiccuping, and wildly welcoming him within."
77,As I was in Arkansas I saw a saw that could out saw any saw I ever saw saw. If you happen to be in Arkansas and see a saw that can out saw the saw I saw saw I'd like to see the saw you saw saw.
78,black back bat
79,The queen in green screamed.
80,"How many berries could a bare berry carry, if a bare berry could carry berries? Well they can't carry berries (which could make you very wary) but a bare berry carried is more scary!"
81,What did you have for breakfast? - rubber balls and liquor! What did you have for lunch? - rubber balls and liquor! What did you have for dinner? - rubber balls and liquor! What do you do when your sister comes home? - rubber balls and liquor!
82,"Snap Crackel pop, Snap Crackel pop, Snap Crackel pop"
83,Six slimy snails sailed silently.
84,"I thought, I thought of thinking of thanking you."
85,Seven slick slimey snakes slowly sliding southward.
86,"Red Buick, blue Buick"
87,Roofs of mushrooms rarely mush too much.
88,He threw three balls.
89,The great Greek grape growers grow great Greek grapes.
90,Singing Sammy sung songs on sinking sand.
91,We're real rear wheels.
92,Rhys watched Ross switch his Irish wristwatch for a Swiss wristwatch.
93,I wish to wash my Irish wristwatch.
94,"Near an ear, a nearer ear, a nearly eerie ear."
95,On a lazy laser raiser lies a laser ray eraser.
96,"Scissors sizzle, thistles sizzle."
97,Tom threw Tim three thumbtacks.
98,How much caramel can a canny canonball cram in a camel if a canny canonball can cram caramel in a camel?
99,He threw three free throws.
100,Fresh French fried fly fritters
101,"Gig whip, gig whip, gig whip, ..."
102,I was born on a pirate ship.
103,2 Y's U R. 2 Y's U B. I C U R. 2 Y's 4 me!
104,Little Mike left his bike like Tike at Spike's.
105,Eddie edited it.
106,"Yellow butter, purple jelly, red jam, black bread. Spread it thick, say it quick! Yellow butter, purple jelly, red jam, black bread. Spread it thicker, say it quicker! Yellow butter, purple jelly, red jam, black bread. Don't eat with your mouth full!"
107,"Wow, race winners really want red wine right away!"
108,The ruddy widow really wants ripe watermelon and red roses when winter arrives.
109,I'll chew and chew until my jaws drop.
110,Triple Dickle
111,How many sheets could a sheet slitter slit if a sheet slitter could slit sheets?
112,"Supposed to be pistachio, supposed to be pistachio, supposed to be pistachio."
113,Chester Cheetah chews a chunk of cheep cheddar cheese.
114,"Real rock wall, real rock wall, real rock wall"
115,Argyle Gargoyle
116,"Peggy Babcock, Peggy Babcock, Peggy Babcock, ..."
117,"If you're keen on stunning kites and cunning stunts, buy a cunning stunning stunt kite."
118,Two tiny tigers take two taxis to town.
119,Sounding by sound is a sound method of sounding sounds.
120,Willie's really weary.
121,"Yally Bally had a jolly golliwog. Feeling folly, Yally Bally Bought his jolly golli' a dollie made of holly! The golli', feeling jolly, named the holly dollie, Polly. So Yally Bally's jolly golli's holly dollie Polly's also jolly!"
122,"Out in the pasture the nature watcher watches the catcher. While the catcher watches the pitcher who pitches the balls. Whether the temperature's up or whether the temperature's down, the nature watcher, the catcher and the pitcher are always around. The pitcher pitches, the catcher catches and the watcher watches. So whether the temperature's rises or whether the temperature falls the nature watcher just watches the catcher who's watching the pitcher who's watching the balls."
123,Tommy Tucker tried to tie Tammy's Turtles tie.
124,"John, where Peter had had had had"""
125,Excited executioner exercising his excising powers excessively.
126,Pail of ale aiding ailing Al's travails.
127,"Double bubble gum, bubbles double."
128,"If you can't can any candy can, how many candy cans can a candy canner can if he can can candy cans ?"
129,Octopus ocular optics.and A cat snaps a rat's paxwax.
130,This is the sixth zebra snoozing thoroughly.
131,"Salty broccoli, salty broccoli, salty broccoli ...."
132,"I saw Esau kissing Kate. I saw Esau,  he saw me, and she saw I saw Esau."
133,A slimey snake slithered down the sandy sahara.
134,Suzie Seaword's fish-sauce shop sells unsifted thistles for thistle-sifters to sift.
135,I eat eel while you peel eel
136,Nothing is worth thousands of deaths.
137,Casual clothes are provisional for leisurely trips across Asia.
138,"East Fife Four, Forfar Five"
139,Roy Wayne Roy Rogers Roy Rash
140,"11 was a racehorse,22 was 12,1111 race,22112."
141,"It's not the cough that carries you off, it's the coffin they carry you off in!"
142,She said she should sit.
143,"Mo mi mo me send me a toe, Me me mo mi get me a mole, Mo mi mo me send me a toe, Fe me mo mi get me a mole, Mister kister feet so sweet, Mister kister where will I eat !?"
144,"Will you, William? Will you, William? Will you, William? Can't you, don't you, won't you, William?"
145,I wish you were a fish in my dish
146,"She stood on the balcony, inexplicably mimicking him hiccuping, and amicably welcoming him in."
147,"The big black bug bit the big black bear, but the big black bear bit the big black bug back!"
148,Dust is a disk's worst enemy.
149,I see a sea down by the seashore. But which sea do you see down by the seashore?
150,Old Mr. Hunt had a cuddy punt Not a cuddy punt but a hunt punt cuddy.
151,"As one black bug, bled blue, black blood. The other black bug bled blue."
152,Mommy made me eat my M&Ms.
153,"I'm not the fig plucker, nor the fig plucker's son, but I'll pluck figs till the fig plucker comes."
154,A gazillion gigantic grapes gushed gradually giving gophers gooey guts.
155,"Aluminum, linoleum, molybdenum, aluminum, linoleum, molybdenum, aluminum, linoleum, molybdenum"
156,Thin grippy thick slippery.
157,"A tree toad loved a she-toad,Who lived up in a tree.He was a three-toed tree toad,But a two-toed toad was she.The three-toed tree toad tried to win,The two-toed she-toad's heart,For the three-toed tree toad loved the ground,That the two-toed tree toad trod.But the three-toed tree toad tried in vain.He couldn't please her whim.From her tree toad bower,With her two-toed power,The she-toad vetoed him."
158,The owner of the inside inn was inside his inside inn with his inside outside his inside inn.
159,"If you notice this notice, you will notice that this notice is not worth noticing."
160,"If you understand, say understand"". If you don't understand"
161,She sees cheese.
162,Brent Spence Bridge Clay Wade Bailey Bridge
163,Chukotko-Kamchatkan
164,There those thousand thinkers were thinking  where did those other three thieves go through.
165,Five frantic frogs fled from fifty fierce fishes.
166,"One smart fellow, he felt smart. Two smart fellows, they felt smart. Three smart fellows, they felt smart. Four smart fellows, they felt smart. Five smart fellows, they felt smart. Six smart fellows, they felt smart."
167,Seven sleazy shysters in sharkskin suits sold sheared sealskins to seasick sailors.
168,"I would if I could! But I can't, so I won't!"
169,But a harder thing still to do.
170,Love's a feeling you feel when you feel you're going to feel the feeling you've never felt before.
171,Silly sheep weep and sleep.
172,"Truly rural, truly rural, truly rural, ..."
173,"A turbot's not a burbot, for a turbot's a butt, but a burbot's not."
174,I know a boy named Tate who dined with his girl at eight eight. I'm unable to state what Tate ate at eight eight or what Tate's tête à tête ate at eight eight.
175,The seething sea ceaseth; thus the seething sea sufficeth us.
176,Real weird rear wheels
177,"I slit a sheet, a sheet I slit, upon a slitted sheet I sit."
178,A pessimistic pest exists amidst us.
179,Knife and a fork bottle and a cork that is the way you spell New York.
180,Five fuzzy French frogs Frolicked through the fields in France.
181,Two to two to Toulouse?
182,Swatch watch
183,"Dr. Johnson and Mr. Johnson, after great consideration, came to the conclusion that the Indian nation beyond the Indian Ocean is back in education because the chief occupation is cultivation."
184,Round and round the rugged rock the ragged rascal ran.
185,"Buckets of bug blood, buckets of bug blood, buckets of bug blood"
186,I'm a sock cutter and I cut socks. I'm a sock cutter and I cut socks. I'm a sock cutter and I cut socks.
187,If coloured caterpillars could change their colours constantly could they keep their coloured coat coloured properly?
188,"We won, we won, we won, we won, ..."
189,Thirty-three thousand people think that Thursday is their thirtieth birthday.
190,How much ground could a grounghog grind if a groundhog could grind ground?
191,How may saws could a see-saw saw if a see-saw could saw saws?
192,"As he gobbled the cakes on his plate, the greedy ape said as he ate, the greener green grapes are, the keener keen apes are to gobble green grape cakes, they're great!"
193,How much myrtle would a wood turtle hurdle if a wood turtle could hurdle myrtle? A wood turtle would hurdle as much myrtle as a wood turtle could hurdle if a wood turtle could hurdle myrtle.
194,Shut up the shutters and sit in the shop.
195,Rattle your bottles in Rollocks' van.
196,"A fly and flea flew into a flue, said the fly to the flea 'what shall we do?' 'let us fly' said the flea said the fly 'shall we flee' so they flew through a flaw in the flue."
197,"How much dew does a dewdrop drop If dewdrops do drop dew? They do drop, they do As do dewdrops drop If dewdrops do drop dew."
198,"If Kantie can tie a tie and untie a tie, why can't I tie a tie and untie a tie like Kantie can."
199,Bake big batches of bitter brown bread.
200,"But she as far surpasseth Sycorax, As great'st does least."
201,Bake big batches of brown blueberry bread.
202,She sits in her slip and sips Schlitz.
203,Which wristwatch is a Swiss wristwatch?
204,Whoever slit the sheets is a good sheet slitter.
205,Mummies make money.
206,"Crush grapes, grapes crush, crush grapes."
207,An elephant was asphyxiated in the asphalt.
208,A black bloke's back brake-block broke.
209,This is a zither.
210,"Fresh fried fish, Fish fresh fried, Fried fish fresh, Fish fried fresh."
211,There was a minimum of cinnamon in the aluminum pan.
212,"Really leery, rarely Larry."
213,Big black bugs bleed blue black blood but baby black bugs bleed blue blood.
214,Elizabeth has eleven elves in her elm tree.
215,Her whole right hand really hurts.
216,"Come, come, Stay calm, stay calm, No need for alarm, It only hums, It doesn't harm."
217,"Tie a knot, tie a knot. Tie a tight, tight knot. Tie a knot in the shape of a nought."
218,"Red blood, green blood"
219,I'm a sheet slitter. I slit sheets. I'm the sleekest sheet slitter that ever slit sheets.
220,Busy buzzing bumble bees.
221,"A lump of red leather, a red leather lump"
222,Nat the bat swat at Matt the gnat.
223,I shot the city sheriff. I shot the city sheriff. I shot the city sheriff.
224,A lady sees a pot-mender at work at his barrow in the street. Are you copper-bottoming 'em
225,"I am not a pheasant plucker, I'm a pheasant plucker's son but I'll be plucking pheasants When the pheasant plucker's gone."
226,"Suzie, Suzie, working in a shoeshine shop. All day long she sits and shines, all day long she shines and sits, and sits and shines, and shines and sits, and sits and shines, and shines and sits. Suzie, Suzie, working in a shoeshine shop."
227,Preshrunk silk shirts.
228,Craig Quinn's quick trip to Crabtree Creek.
229,"Six shining cities, six shining cities, six shining cities."
230,"While we were walking, we were watching window washers wash Washington's windows with warm washing water."
231,A big black bear sat on a big black bug.
232,A bloke's bike back brake block broke.
233,Sweet sagacious Sally Sanders said she sure saw seven segregated seaplanes sailing swiftly southward Saturday.
234,"Betty Botter bought some butter but, said she, the butter's bitter. If I put it in my batter, it will make my batter bitter. But a bit of better butter will make my bitter batter better. So she bought some better butter, better than the bitter butter, put it in her bitter batter, made her bitter batter better. So 't was better Betty Botter bought some better butter."
235,How much oil boil can a gum boil boil if a gum boil can boil oil?
236,"Good blood, bad blood, good blood, bad blood, good blood, bad blood."
237,No nose knows like a gnome's nose knows.
238,Freshly fried fresh flesh
239,"There are two minutes difference from four to two to two to two, from two to two to two, too."
240,"There once was a man who had a sister, his name was Mr. Fister. Mr. Fister's sister sold sea shells by the sea shore. Mr. Fister didn't sell sea shells, he sold silk sheets. Mr. Fister told his sister that he sold six silk sheets to six shieks. The sister of Mr. Fister said I sold six shells to six shieks too!"
241,Sally sells sea shells by the sea shore. But if Sally sells sea shells by the sea shore then where are the sea shells Sally sells?
242,"She stood on the steps of Burgess's Fish Sauce Shop, mimicking him hiccuping and amicably welcoming him in."
243,"Swan swam over the sea. Swim, swan, swim! Swan swam back again. Well swum swan!"
244,"Sally is a sheet slitter, she slits sheets."
245,"She sells sea shells on the sea shore; The shells that she sells are sea shells I'm sure. So if she sells sea shells on the sea shore, I'm sure that the shells are sea shore shells."
246,You know New York. You need New York. You know you need unique New York.
247,What noise annoys an oyster most? A noisy noise annoys an oyster most.
248,Ripe white wheat reapers reap ripe white wheat right.
249,Blake's black bike's back brake bracket block broke.
250,Each Easter Eddie eats eighty Easter eggs.
251,She slits the sheet she sits on.
252,"A rough-coated, dough-faced, thoughtful ploughman strode through the streets of Scarborough; after falling into a slough, he coughed and hiccoughed."
253,"A twister of twists once twisted a twist. and the twist that he twisted was a three-twisted twist. now in twisting this twist, if a twist should untwist, would the twist that untwisted untwist the twists?"
254,"Red lolly, yellow lolly."
255,Mrs Hunt had a country cut front in the front of her country cut pettycoat.
256,Knapsack strap.
257,"John, where Molly had had had"""
258,Miss Smith's fish-sauce shop seldom sells shellfish.
259,Great gray goats
260,Whether the weather be fine or whether the weather be not. Whether the weather be cold or whether the weather be hot. We'll weather the weather whether we like it or not.
261,"Sunshine city, sunshine city, sunshine city, ..."
262,The batter with the butter is the batter that is better!
263,There's a sandwich on the sand which was sent by a sane witch.
264,How many yaks could a yak pack pack if a yak pack could pack yaks?
265,Twelve twins twirled twelve twigs.
266,If you stick a stock of liquor in your locker it is slick to stick a lock upon your stock or some joker who is slicker is going to trick you of your liquor if you fail to lock your liquor with a lock.
267,Clowns grow glowing crowns.
268,Can you imagine an imaginary menagerie manager imagining managing an imaginary menagerie?
269,"Sister Suzie sewing shirts for soldiers Such skill as sewing shirts Our shy young sister Suzie shows Some soldiers send epistles Say they'd rather sleep in thistles Than the saucy, soft short shirts for soldiers Sister Suzie sews."
270,"Red leather, yellow leather, ..."
271,IF IF = THEN THEN THEN = ELSE ELSE ELSE = IF;
272,"Announcement at Victoria Station, London: Two to two to Tooting too!"
273,Richard's wretched ratchet wrench.
274,Rugged rubber baby buggy bumpers.
275,"A box of biscuits, a box of mixed biscuits, and a biscuit mixer."
276,"When a doctor doctors a doctor, does the doctor doing the doctoring doctor as the doctor being doctored wants to be doctored or does the doctor doing the doctoring doctor as he wants to doctor?"
277,What to do to die today at a minute or two to two. A terribly difficult thing to say and a harder thing to do. A dragon will come and beat his drum Ra-ta-ta-ta-ta-ta-ta-ta-too at a minute or two to two today.  At a minute or two to two.
278,"If two witches would watch two watches, which witch would watch which watch?"
279,The soldier's shoulder surely hurts!
280,She sees seas slapping shores.
281,A loyal warrior will rarely worry why we rule.
282,Greek grapes.
283,Mr. See owned a saw and Mr Soar owned a seesaw. Now See's saw sawed Soar's seesaw before Soar saw See.
284,Six sick sea-serpents swam the seven seas.
285,There was a little witch which switched from Chichester to Ipswich.
286,A proper cup of coffee from a proper copper coffee pot.
287,"Don't trouble trouble, until trouble troubles you! If you trouble trouble, triple trouble troubles you!"
288,"Theophilus Thadeus Thistledown, the succesful thistle-sifter, while sifting a sieve-full of unsifted thistles, thrust three thousand thistles through the thick of his thumb. Now, if Theophilus Thadeus Thistledown, the succesful thistle-sifter, thrust three thousand thistles through the thick of his thumb, see that thou, while sifting a sieve-full of unsifted thistles, thrust not three thousand thistles through the thick of thy thumb."
289,"Shoe section, shoe section, shoe section, ..."
290,"A smart fella, a fella smart. It takes a smart fella to say a fella smart."
291,She is a thistle-sifter. She has a sieve of unsifted thistles and a sieve of sifted thistles and the sieve of unsifted thistles she sifts into the sieve of sifted thistles because she is a thistle-sifter.
292,"Admidst the mists and coldest frosts, With stoutest wrists and loudest boasts, He thrusts his fists against the posts, And still insists he sees the ghosts."
293,"Fuzzy Wuzzy was a bear, Fuzzy Wuzzy had no hair, Fuzzy Wuzzy wasn't very fuzzy, was he?"
294,"Blue glue gun, green glue gun."
295,"Toy boat, toy boat, toy boat, ..."
296,Mallory's hourly salary.
297,"I slit a sheet, a sheet I slit, and on that slitted sheet I sit."
298,Don't spring on the inner-spring this spring or there will be an offspring next spring.
299,"A flea and a fly in a flue, were imprisoned. So what could they do? Said the fly, Let us flee"". Said the flea"
300,"King Thistle stuck a thousand thistles in the thistle of his thumb. A thousand thistles King Thistle stuck in the thistle of his thumb. If King Thistle stuck a thousand thistles in the thistle of his thumb, How many thistles did King Thistle stick in the thistle of his thumb?"
301,Five fat friars frying flat fish.
302,"The bottle of perfume that Willy sent was highly displeasing to Millicent. Her thanks were so cold that they quarreled, I'm told o'er that silly scent Willy sent Millicent"
303,"Esau Wood sawed wood. All the wood Esau Wood saw, Esau Wood would saw. All the wood Wood saw, Esau sought to saw. One day Esau Wood's wood-saw would saw no wood. So Esau Wood sought a new wood-saw. The new wood-saw would saw wood. Oh, the wood Esau Wood would saw. Esau sought a saw that would saw wood as no other wood-saw would saw. And Esau found a saw that would saw as no other wood-saw would saw. And Esau Wood sawed wood."
304,"A skunk sat on a stump and thunk the stump stunk, but the stump thunk the skunk stunk."
305,"Extinct insects' instincts, extant insects' instincts."
306,"Sweater weather, leather weather."
307,"One black beetle bled only black blood, the other black beetle bled blue."
308,The big black bug's blood ran blue.
309,"I am not the pheasant plucker, I'm the pheasant plucker's mate. I am only plucking pheasants 'cause the pheasant plucker's late."
310,"Ed Nott was shot and Sam Shott was not. So it is better to be Shott than Nott. Some say Nott was not shot. But Shott says he shot Nott. Either the shot Shott shot at Nott was not shot, or Nott was shot. If the shot Shott shot shot Nott, Nott was shot. But if the shot Shott shot shot Shott, the shot was Shott, not Nott. However, the shot Shott shot shot not Shott - but Nott. So, Ed Nott was shot and that's hot! Is it not?"
311,"We will learn why her lowly lone, worn yarn loom will rarely earn immoral money."
312,"Unique New York, unique New York, unique New York, ..."
313,If Dr. Seuss Were a Technical Writer.....
314,Picky people pick Peter Pan Peanut Butter. Peter Pan Peanut is the peanut picky people pick.
315,Ray Rag ran across a rough road. Across a rough road Ray Rag ran. Where is the rough road Ray Rag ran across?
316,Elmer Arnold
317,"A Tudor who tooted the flute tried to tutor two tooters to toot. Said the two to the tutor, Is it harder to toot or to tutor two tooters to toot?"""""
318,"Mrs Puggy Wuggy has a square cut punt. Not a punt cut square, Just a square cut punt. It's round in the stern and blunt in the front. Mrs Puggy Wuggy has a square cut punt."
319,"Tim, the thin twin tinsmith."
320,"Thin sticks, thick bricks"
321,"Red lorry, yellow lorry."
322,A big black bug bit a big black bear and made the big black bear bleed blood.
323,How much wood would a woodchuck chuck if a woodchuck would  chuck wood? A woodchuck would chuck how much a woodchuck would chuck if a  woodchuck would chuck wood.
324,"Larry Hurley, a burly squirrel hurler, hurled a furry squirrel through a curly grill."
325,Six twin screwed steel steam cruisers.
326,A nurse anesthetist unearthed a nest.
327,"I thought a thought. But the thought I thought Wasn't the thought I thought I thought. If the thought I thought I thought,Had been the thought I thought, I wouldn't have thought I thought."
328,She sells sea shells on the seashore. The seashells she sells are seashells she is sure.
329,From the programmer's desk: She sells cshs by the C shore.
330,"A noise annoys an oyster, but a noisy noise annoys an oyster more!"
331,"Plain bun, plum bun, bun without plum."
332,Slick slim slippers sliding south.
333,"The Leith police dismisseth us They thought we sought to stay;  The Leith police dismisseth us They thought we'd stay all day. The Leith police dismisseth us, We both sighed sighs apiece;  And the sighs that we sighed as we said goodbye Were the size of the Leith police."
334,"Ah shucks, six stick shifts stuck shut!"
335,"Meter maid Mary married manly Matthew Marcus Mayo, a moody male mailman moving mostly metered mail."
336,"The king would sing, about a ring that would go ding."
337,"How much dough would Bob Dole dole if Bob Dole could dole dough? Bob Dole would dole as much dough as Bob Dole could dole, if Bob Dole could dole dough."
338,People pledging plenty of pennies.
339,"Mares eat oats and does eat oats, but little lambs eat ivy."
340,"To begin to toboggan, first buy a toboggan. But don't buy too big a toboggan. Too big a toboggan is too big a toboggan to buy to begin to toboggan."
341,Courtney Dworkin
342,"Switch watch, wrist watch."
343,Six thick thistle sticks
344,"Sinful Caesar sipped his snifter,seized his knees and sneezed. Chester chooses chestnuts,cheddar cheese with chewy chives.He chews them and he chooses them.He chooses them and he chews themThose chestnuts, cheddar cheeseand chives in cheery, charming chunks. Moses supposes his toeses are roses.But Moses supposes erroneously.Moses, he knowses his toeses aren't rosesAs Moses supposes his toeses to be."
345,I wish I were what I was when I wished I were what I am.
346,She sells seashells on the seashore. The seashells she sells are seashore seashells.
347,Irish wristwatch
348,She had shoulder surgery.
349,"To put a pipe in byte mode, type PIPE_TYPE_BYTE."
350,Three Tree Turtles
351,My Friend Gladys
352,"I would if I could, and if I couldn't, how could I? You couldn't, unless you could, could you?"
353,real rear wheel
354,"Give me the gift of a grip-top sock,A clip drape shipshape tip top sock. Not your spinslick slapstick slipshod stock, But a plastic, elastic grip-top sock. None of your fantastic slack swap slopFrom a slap dash flash cash haberdash shop. Not a knick knack knitlock knockneed knickerbocker sockWith a mock-shot blob-mottled trick-ticker top clock. Not a supersheet seersucker rucksack sock, Not a spot-speckled frog-freckled cheap sheik's sockOff a hodge-podge moss-blotched scotch-botched block. Nothing slipshod drip drop flip flop or glip glopTip me to a tip top grip top sock."
355,National Sheepshire Sheep Association
356,The crow flew over the river with a lump of raw liver.
357,The little red lorry went down Limuru road.
358,Flies fly but a fly flies.
359,Did Doug dig Dick's garden or did Dick dig Doug's garden?
360,"If a Hottentot taught a Hottentot tot to talk ere the tot could totter, ought the Hottentot tot be taught to say ought or naught or what ought to be taught 'er?"
361,How many cans can a canner can if a canner can can cans? A canner can can as many cans as a canner can if a canner can can cans.
362,"Federal Express is now called FedEx.When I retire I'll be a FedEx ex.But if I'm an officer when I retire, I'll be an ex Fedex Exec.Then after a divorce, my ex-wife will be an ex FedEx exec's ex.If I rejoin FedEx in time, I'd be an ex ex FedEx exec.When we remarry, my wife will be an ex ex FedEx exec's ex."
363,Which witch snitched the stitched switch for which the Swiss witch wished?
364,Does this shop sport short socks with spots?
365,"Customer: Do you have soothers?Shopkeeper (thinking he had said scissors""): No"
366,"Tommy, Tommy, toiling in a tailor's shop.All day long he fits and tucks,all day long he tucks and fits,and fits and tucks, and tucks and fits,and fits and tucks, and tucks and fits.Tommy, Tommy, toiling in a tailor's shop."
367,No need to light a night-light on a light night like tonight.
368,"I wish to wish, I dream to dream, I try to try, and I live to live, and I'd die to die, and I cry to cry but I dont know why."
369,My mommy makes me muffins on Mondays.
370,A real rare whale.
371,"Terry Teeter, a teeter-totter teacher, taught her daughter Tara to teeter-totter, but Tara Teeter didn't teeter-totter as Terry Teeter taught her to."
372,Ken Dodd's dad's dog 's dead.
373,I bought a bit of baking powder and baked a batch of biscuits. I brought a big basket of biscuits back to the bakery and baked a basket of big biscuits. Then I took the big basket of biscuits and the basket of big biscuits and mixed the big biscuits with the basket of biscuits that was next to the big basket and put a bunch of biscuits from the basket into a biscuit mixer and brought the basket of biscuits and the box of mixed biscuits and the biscuit mixer to the bakery and opened a tin of sardines.
374,"Kanta is a masai girl. She can tie a tie and untie a tie. If Kanta can tie a tie and untie a tie, why can't I tie a tie and untie a tie?"
375,"I'm a mother pheasant plucker,I pluck mother pheasants.I'm the most pleasant mother pheasant plucker,to ever pluck a mother pheasant.Actually, ...I'm Not the pheasant plucker,I'm the pheasant plucker's son.But I'll stay and pluck the pheasantsTill the pheasant plucking 's done!"
376,If you go for a gopher a gopher will go for a gopher hole.
377,Seven slick and sexy sealskin ski suits slid slowly down the slope.
378,The chief of the Leith police dismisseth us.
379,Fred Threlfall's thirty-five fine threads are finer threads than Fred Threlfall's thirty-five thick threads.
380,"Bug's black blood, Black bug's blood"
381,Reed Wade Road
382,Jack's nap sack strap snapped.
383,I saw Esau sitting on a seesaw. I saw Esau; he saw me.
384,A quick witted cricket critic.
385,Hitchcock Hawk Watch Spots Record Raptors
386,"Sure, sir, the ship's sure shipshape, sir."
387,The Smothers brothers' father's mother's brothers arethe Smothers brothers' mother's father's other brothers.
388,One Double Dozen Double Damask Dinner Napkins
389,"The cat crept into the crypt, crapped and crept out."
390,"Dear mother,give your other udder to my other brother."
391,Blended baby blue bug's blood blotches.
392,"So, this is the sushi chef?"
393,Furnish Freddie's nursery with forty-four furry Furby Beanie Babies.
394,"Arnold Palmer, Arnold Palmer, Arnold Palmer, ..."
395,A bitter biting bittern bit a better biting bitternAnd the better biting bittern bit the bitter biting bittern back.Said the bitter biting bittern to the better biting bittern“I’m a bitter biting bittern bitten back”
396,Certified certificates from certified certificate certifiers.
397,"Imagine, imagining imagining, an imaginary imaginary imaginary menageriemanager, imagining imagining imagining an imaginary imaginary imaginarymanagerie."
398,"What noise annoys a noisy oyster?Any noise annoys a noisy oyster, but a noisy noise annoys a noisy oyster most!"
399,"We need a plan to fan a pan; find a pan to fan, then find a fan to fan the pan, then fan the pan."
400,"How many snacks could a snack stacker stack, if a snack stacker snacked stacked snacks?"
401,Freddy is ready to roast red roaches. Ready for Freddy's roasted red roaches?
402,Who washed Washington's white woolen underwear when Washington's washer-woman went west?
403,On mules we find two legs behind and two we find before.We stand behind before we find what those behind be for.
404,"Three grey geeseIn a green field grazing,Grey were the geeseAnd green was the grazing."
405,Susie sits shinning silver shoes
406,"Ralph rakes leaves really, really lousily."
407,Lady Luck dislikes losers.
408,Broken back brake block
409,"Mumbling, bumbling. Bumbling, mumbling."
410,Of all the felt I ever felt I never felt felt that felt like that felt felt.
411,They hatch fish at the state fish hatchery and sell hatched fish to the fish stick factory.
412,In pine tar is. In oak none is. In mud eels are. In clay none is.
413,The sixth sick sheik's sixth sick sheep.
414,Thirty-six thick silk threads
415,Silly shoe-fly pie fans sell chilly shoe-fly pie pans.
416,"Kantai can tie a tie. If Kantai can tie a tie, why can't I tie a tie like Kantai can tie a tie."
417,The two-toed tree toad tried to tread where the three-toed tree toad trod.
418,Tricky Tristan tracked a trail of tiny turtles.  How many tiny turtles did Tricky Tristan track?Tricky Tristan tracked twenty two tiny turtles;that's how many tiny turtles tricky Tristan tracked.
419,"Esau Wood saw a wood saw, saw wood, as no wood saw would saw wood. If Esau Wood saw a wood saw, saw wood, as no wood saw would saw wood, where is the wood saw witch would saw wood, as no wood saw would saw wood."
420,"You're behaving like a babbling, bumbling band of baboons."
421,Iranian Uranium
422,"Giddy kiddy goat,Giddy kiddy goat,Giddy, giddy, giddy, giddy, giddy, kiddy goat."
423,He wanted to desert his dessert in the desert!
424,"If a Hottentot tot taught a Hottentot tot to talk before the tot would totter, ought the Hottentot tot be taught to say ought, or naught, or what ought to be taught the Hottentot tot? If to hoot and to toot a Hottentot tot be taught by a Hottentot tutor, should the tutor get hot if the Hottentot tot hoots and toots at the Hottentot tutor?"
425,"There was a writer called Wright, he taught his son to write Wright right:It's not right to write Wright 'Rite'"
426,Very rare vagrant wader
427,Crash Quiche Course
428,I broke a brickbat and a brickbat broke me.
429,A wooden worm wouldn't be worthy of worship but would he if he wondered and worried about what he would be worthy of if he wasn't wooden?
430,Give papa a cup of proper coffee in a copper coffee cup.
431,Nine nice night nurses nursing nicely.
432,"Farrell's features fabulous food 'n' fantastic fountain fantasies for frolicking, fun-filled festive families."
433,Who holds Joe's nose when he blows? Joe knows.
434,A singly circularly linked list.
435,The Final Fixing of the Foolish Fugitive
436,Thirty-three thousand feathers on a thrushes throat.
437,"When I went to Warsaw, I saw a saw that could outsaw any saw that Iever saw. Now, if you go to Warsaw and see a saw that could outsaw the saw I saw, I'd like to see your saw saw."
438,"If practice makes perfect and perfect needs practice, I’m perfectly practiced and practically perfect."
439,Six Czech cricket critics
440,Rubber Berber Gerber™ Burger
441,Lucid Lou slued loose the sluice that slew the slough.
442,"In Hertford, Hereford and Hampshire hurricanes hardly ever happen."
443,Thomas Tattamus took two T's to tie two tots to two tall trees.
444,"Hercules, a hardy hunter, hunted a hare in the Hampshire Hills. Hit him on the head with a hard, hard hammer and he howled horribly!"
445,Frank's fisher fishes on Friday for Frank's Friday fresh fried fish-fest.
446,"I saw a saw in Warsaw. Of all the saws I ever saw I never saw a saw that could saw, like the saw I saw in Warsaw."
447,"Dick had a dog, the dog dug, the dog dug deep,how deep did Dick's dog dig?"
448,It's a nice night for a white rice fight.
449,If a fella met a fella in a field of fitchesCan a fella tell a fella where a fella itches?
450,"I feel a feel a funny feel a funny feel feel I,If I feel a funny feel a funny feel feel I."
451,"Never trusta sloppy crust,a squally gust,ships that rust,or girls with lust."
452,A sad story about Nobody
453,Mr Knott and Mr Watt on the Phone
454,Round brown bread
455,"grip glue, grip glue, grip glue, ..."
456,Bob's pop-up blocker blocks Bob's pop-ups.
457,"Chill, Shake, Serve, ..."
458,M. R. DucksM.R. not DucksO. S. M. R.L. I'll B.M. R. Ducks!
459,How much cash could a sasquatch stash if a sasquatch could stash cash?
460,"A cunning young canner from CanningOnce observed to his granny,A canner can can  a lot of things gran"
461,"How many ducks could a duck duct-tape, if a duck could duct-tape ducks?"
462,Bad dead bed-bugs bleed bug blood.
463,"Upper roller, lower roller, upper roller, lower roller, upper roller, lower roller, ..."
464,"Bill had a billboard, Bill also had a board bill. The billboard bored Bill so Bill sold the billboard to pay for the board bill. "
465,Washington's wash woman washed Washington's wash while Washington's wife went west.
466,"Faith's face cloth, Faith's face cloth, Faith's face cloth, ..."
467,"Deer, deer, oh dear, oh dear,your career as a deer is over hereno, no, oh no, although your career as a skellytun's begun."
468,The sixth sick Sikh's sixth sheep is sick.
469,"Click, clap, pluck, ..."
470,"Mister Twister's tongue twisters, ..."
471,"Hum-min-a, Hum-min-a, Hum-min-a, ..."
472,"Mud bug, mud bug, mud bug, ..."
473,Polish it in the corner. Polish it in the corner. Polish it in the corner. ...
474,I gratefully gazed at the gracefully grazing gazelles.
475,"Really very weary, really very weary, really very weary, ..."
476,The sixth sick sheik's sixth sheep 's sick.
477,Thrushcross Grange
478,"Six sticky skeletons, six sticky skeletons, six sticky skeletons, ..."
479,Sheila is selling her shop at the seashoreFor shops at the seashore are so sure to loseAnd she’s not so sure of what she should be sellingShould Sheila sell seashells or should she sell shoes
480,"A canner exceedingly canny,One morning remarked to his granny,A canner can can,Anything that he can,But a canner can't can a can; can he?"
481,"She sat upon a balcony, inimicably mimicking him hiccuping and amicably welcoming him in."
482,"I can't believe that I Can't Believe It's Not Butter!"" is actually a butter that I can't believe is not butter."""
483,"You name it, we claim it. If we can't get it, we'll send you to get it. If we can't send you to get it, forgit it. Who's got it, if we don't got it?"
484,"If your Bob doesnt give our Bob that bob that your Bob owes our Bob, our Bob will give your Bob a bob in the eye."
485,"V: Voilà! In view, a humble vaudevillian veteran, cast vicariously as both victim and villain by the vicissitudes of Fate. This visage, no mere veneer of vanity, is a vestige of the vox populi, now vacant, vanished. However, this valorous visitation of a by-gone vexation, stands vivified and has vowed to vanquish these venal and virulent vermin van-guarding vice and vouchsafing the violently vicious and voracious violation of volition. [carves V into poster on wall]V: The only verdict is vengeance; a vendetta, held as a votive, not in vain, for the value and veracity of such shall one day vindicate the vigilant and the virtuous.[giggles]V: Verily, this vichyssoise of verbiage veers most verbose, so let me simply add that it's my very good honor to meet you and you may call me V."
486,chip shop chips
487,Velvet RevolverVelvet RevolverVelvet Revolver...
488,Shine my city shoes!
489,Sniff Sesh! Sniff Sesh! Sniff Sesh!
490,"The Knight said, He's"""
491,How much snus could a moose on the loose useif a moose on the loose could use loose snus?
492,Black Rock Brain Lock
493,Which Witch snitched the Snitch Witch?Or did the Snitch Witch snitch the Witch?If the Snitch Witch snitched the Witch then which Witch did the Snitch Witch snitch?
494,"A maid named Lady Marmalademade mainly lard and lemonade.M'lady lamely never madea well-named, labelled marmalade."
495,Theodore Thistle threw three thorny thistles. How many thorny thistles did Theodore Thistle throw?
496,Silly Sally Shouldnort shaved sheep she should show soon so selling sheep shaved showed she shouldn't show shaved sheep so soon.
497,"Cracker rapper, cracker rapper, cracker rapper, ..."
498,Lenny Lou leopard led leprechauns leaping like lemmings.
499,loyal royal lawyer
500,Darn dawn dog gone!
501,Free Ritz wristwatch.Try saying Ritz wristwatch 5 times fast!
502,"Six slick, slim, slender saplings."
503,"Tell a tall tale of a tall tailed dog, that told Tim it tap a tall ale and thump the top of Tim's tomb."
504,Old lady Hunt had a cuzzy Funt not a cuzzy Funt but a Hunt Funt cuzzy.
505,How much juice does a fruit juice producer produce when a fruit juice producer produces fruit juice? We can deduce a fruit juice produces as much juice as a fruit juice produce can seduce from the fruit that produces juice.
506,They think that their teeth get thinner at times they want to taste thick meat.
507,Three tired tigers try to throw three trees.
508,"I wish to wish the wish you wish to wish, but if you wish the wish the witch wishes, I won't wish the wish you wish to wish."
509,Ken can ken that Ken's kin can ken Ken's kin's ken.
510,The sixth shack's sixth sick sheik's sixth sheep 's sick.
511,Which Swiss witch switched the Swiss wristwatches?
512,"Cook Cookie"" Turk took Kookie Kirk a turkey cookie."""
513,How many tow trucks could a tow truck tow if a tow truck could tow tow trucks.
514,I miss my Swiss miss.My Swiss miss misses me.
515,"Now the trees are all groaning in growling, rough galesThat with thuds and hoarse roaring roll raging around!Such leaf-rousing, branch-ruining, ripping, raw wails,Such a terrible, thrashing and tree-wrecking sound!"
516,"Slinking, sliding, slithering slyly,Swiftly slipping through the grasses shyly,Silent but for swish and hissIs the sinuous snake's leglessness."
517,"Corythosaurus bit the gory esophagus of the dillapitated Dilophosaurus who lived in the sorest of forests with the whacky pachy-rinosaurus and the ceratosaurus, but the most poorest and mourish panoplosaurus called Wang sang and rang chorus with the lurdusaurus and the brachiosaurus who was dying of staphylococus-aureas."
518,"How much squash could a sasquatch squish, if a sasquatch could squish squash?"
519,fresh fish and fried prawns
520,She thrust three thousand thistles through the thick of her thumb.
521,It dawned on Don at dawn.
522,A snake sneaks to seek a snack.
523,A synonym for cinnamon is a cinnamon synonym.
524,Great Gate Crasher
525,"Sister Susie's sewing shirts for soldiers,Such saucy soft short shirts for soldiers sister Susie sews,Some soldiers send epistles say they'd sooner sleep on thistles,Than those saucy soft short shirts for soldiers,Sister Susie sews."
526,How many rats would the ruskies roast if the ruskies could roast rats?How many cats would a caddie catch if a caddie could catch cats?
527,Rural ruler
528,Swift shift
529,An illusory vision is a visionary illusion. Is it?
530,In shoulder surgery some surgeons sew soldiers' shoulders.
531,"Midget minute, midget minute, midget minute, ..."
532,Willy's wooden whistle wouldn't whistle when Willy went wild.
533,Wilson Winston winced whilst he minced a squinting prince.
534,"If a dog chews shoes, whose shoes does he choose?"
535,"I thought the haughty Professor Tortoise taught ontology, but the naughty Tortoise taught us tautology."
536,"Grandma Gabby Grammer grabbed a gram of gummy goulash.If Grandma Gabby Grammer grabbed a gram of gummy goulash,How many grams of gummy goulash did Grandma Gabby Grammer grab?"
537,He thrusts his fists against the posts
538,"Thrifty Theophilus, the theocratic thistle sifter, thrice thrust three thousand thistles through the slick thick of his softly throbbing thumb."
539,What's a synonym for cinnamon or is cinnamon synonym-less?
540,Dimensional analysis
541,Friskies frisbee
542,"Hulk Hawk is hulking the hawk, Hawk Hulk is hawking Hulk ... Hawk hugs the hedgehog"
543,Rather Ruth's writhings than Roth's wrath.
544,"The third time the three three-toed tree toads tried tying their toes together, the third three-toed tree toad tied the two three-toed tree toads toes to the third toads toes. Then the two tied three-toed tree toads told the third three-toed tree toad that tying their toes together thrilled them to their toe tips."
545,Darla's dollars
546,I see he sees high seas she sees.
547,I saw a kitten eating chicken in the kitchen.
548,My back black brake blocks are broken.
549,I shot a hippopotamus with bullets made of platinum because if I used leaden ones his hide would surely flatten them.
550,Normal word order or inverted word order?
551,Peter Rabbit raddish robber
552,There's a cross on the muzzle Of the pistol with the bulletBut a nick on the handleOf the pistol with the blank.
553,"The pellet with the poison'sIn the vessel with the pestleThe chalice from the palaceHas the brew that is true."" later switched to: ""The pellet with the poison'sIn the flagon with the dragonThe vessel with the pestleHas the brew that is true"""""
554,"The Doge did what a Doge does, when a Doge does his duty to a Duke, that is. When the Doge did his duty and the Duke didn't, that's when the Duchess did the dirt to the Duke with the Doge. There they were in the dark: The Duke with his dagger, the Doge with his dart and the Duchess with her dirk. The Duchess dug at the Duke just when the Duke dove at the Doge. Now the Duke ducked, the Doge dodged, and the Duchess didn't. So the Duke got the Duchess, the Duchess got the Doge, and the Doge got the Duke."
555,Everybody's heard of Peter Piper And the peck of pickled peppers that he picked
556,That's such a silly simple children's game It hasn't even got a name
557,But I'd like to bet that it'll trip you And I bet you're gonna have to say you're licked
558,If Peter Piper you pronounce with ease Then twist your tongue around these
559,Moses supposes his toeses are roses But Moses supposes erroneously For Moses he knowses his toeses aren't roses As Moses supposes his toeses to be
560,  Then step up mister and twist your tongue
561,Now Kissle will whistle at busty Miss. Russell Who'll rustle and bustle till Kissle will roar So Russell asked Axle for Kissle's dismissal And this'll teach Kissle to whistle no more 
562,Tito and Tato were tattooed in total But Toto was only tattooed on his toe So Tato told Tito where Toto was tattooed But Tito said Toto's tattoo wouldn't show
563,Theda thought Thora was thumping her thimble But Thomas thought Thora was thumping her drum Said Theda if Thora's not thumping her thimble I think that she surely is thumping her thumb
564,Now Charley is chary when choosing his cheeses And cheese is a challenge when Charley arrives When Charley is charming and chooses a cheddar Then chews it and chips it and chops in some chives
565,Heda is hoping to hop to Tahiti To hack a hibiscus to hang on her hat Now Heda has hundreds of hats on her hatrack So how can a hop to Tahiti help that
566,Snobby Miss. Nora is sniffing her snuffer The snuffer's no sniffing it makes Nora sneeze When Snyda lets Nort know his Nora is sneezing She snappily snorts Nora's sneezing a breeze
567,Sheila is selling her shop at the seashore For shops at the seashore are so sure to lose And she's not so sure of what she should be selling Should Sheila sell seashells or should she sell shoes
568,"Colliding, colt riding cowboys, combining colliding while gliding at night coinciding in their fight. It wasn't quite trite even with slight sight, who was right? The fight like light, flashed bright, fast as bears bite flies flying near the bears eyes the fleeing flies die."
569,Green and brown blades of grass
570,Broken blue crayon
571,Four poor fools filled four pools full.
572,Sleep sweetly! Sleep sweetly! Sleep sweetly!
573,"The  Professor Peter Peckinpah all purpose anti-personnel Peckinpah  pocket pistol under the toupee trick"""""
574,Pro bono boa prose
575,"Purple paper people, purple paper people, purple paper people, ..."
576,De doorgaans dappere Durgerdammer drukker Dirk Doordraver die driemaal daags drieduims dikke dictionaires drukte doch door de dagelijkse druk dermate depressief doordraaide dat Dirk daaraan denkend daardoor dieptreurig de donkergrijze deur der drukkerij denderend dicht donderde. Dirk's drie dikke domme dochters dachten dat depressieve Dirk dagelijks drie deciliter drabbig dikke donkere druivensap dronk.
577,Shannon shant ship ships through Shilshole.
578,"If blue bugs bleed blue blood, and black bugs bleed black blood, do blue-black bugs bleed blue-black blood?"
579,Carolina Herrera resides in the rural area with her running horses.
580,How many bears could Bear Grills grill if Bear grills could grill bears?
581,The children eat the chicken in the kitchen.
582,"Cheap Sheep Sheets, Cheap Sheep Sheets, Cheap Sheep Sheets."
583,The greedy Greek geek agreed.
584,Frozen Floyd flicks fat fleas for a fixed flat fee.
585,Many an anemone sees an enemy anemone.
586,An inchworm inches on ivy that itches.
587,"Nope, an antelope can't elope with a cantelope."
588,"Two tried"" and ""True tied"""""
589,Three free fleas flew freely through the flu.
590,The CEO's colleagues trusted those successful clients although their results weren't less than lumpy!  
591,"Jean Claude Jaquettie, with his jacket on.Jean Claude Jaquettie, with his jacket off.Jean Claude Jaquettie, with his jacket on.Jean Claude Jaquettie, with his jacket off.Jacket on,Jacket off,Jacket on,Jacket off."
592,Burger burglar
593,Quick queens quack quick quacks quicker than quacking quails.
594,"How many wenches could a witch's wench wrench wrench if a witch's wench wrench could wrench wenches. As many wenches as a witch's wench wrench could, if a witch's wench wrench could wrench wenches."
595,Washing the washing machine while watching the washing machine washing washing.
596,"Plaid pleated pants, Plaid pleated pants, Plaid pleated pants, ..."
597,"Drunk drugged ducks, Drunk drugged ducks, Drunk drugged ducks, ..."
598,She snapped a selfie with Sophie's silver cell phone.
599,She surely suits shiny sleek short skirts.
600,Tell Tom the ticket taker to take the ticket to the ticket wicket.
601,How many pounds in a groundhog's mound when a groundhog pounds hog mounds?
602,A happy hippo hopped and hiccupped.
603,"Labradoodle, labradoodle, labradoodle, ..."
604,Yelling yellow Yeti.
